Dataset x,Dataset y
-5.551115123126E-17,0.000000000000E0
1.011121009224E1,-2.046035805627E-2
2.000000000000E1,-8.000000000000E0
